{
  "results": [
    {
      "command": "python jiopc_agent.py --config configs/jiopc-agent.yaml",
      "mean": 216.52098222964,
      "stddev": 0.35813582874535055,
      "median": 216.48404215364,
      "user": 6.590369079999999,
      "system": 6.396542113333333,
      "min": 216.18274812564,
      "max": 216.89615640963999,
      "times": [
        216.18274812564,
        216.48404215364,
        216.89615640963999
      ],
      "exit_codes": [
        1,
        1,
        1
      ]
    }
  ]
}
